Video_ID,label1,label2,label3,label_t
t_xx1,0,1,0,1
t_xx2,0,1,0,1
t_xx3,0,1,0,1
t_xx4,0,1,0,1
t_xx5,0,1,0,1
t_xx6,0,1,0,1
t_xx7,0,1,0,1
t_xx8,0,1,0,1
t_xx9,0,1,0,1
t_xx10,0,1,0,1
t_xx11,0,1,0,1
t_xx12,0,1,0,1
t_xx13,0,1,0,1
t_xx14,0,1,0,1
t_xx15,0,1,0,1
t_xx16,0,1,0,1
t_xx17,0,1,0,1
t_xx18,0,1,0,1
t_xx19,0,1,0,1
t_xx20,0,1,0,1
t_xx21,0,1,0,1
t_xx22,0,1,0,1
t_xx23,0,1,0,1
t_xx24,0,1,0,1
t_xx25,0,1,0,1
t_xx26,0,1,0,1
t_xx27,0,1,0,1
t_xx28,0,1,0,1
t_xx29,0,1,0,1
t_xx30,0,1,0,1
t_xx31,0,1,0,1
t_xx32,0,1,0,1
t_xx33,0,1,0,1
t_xx34,0,1,0,1
t_xx35,0,1,0,1
t_xx36,0,1,0,1
t_xx37,0,1,0,1
t_xx38,0,1,0,1
t_xx39,0,1,0,1
t_xx40,0,1,0,1
t_xx41,0,1,0,1
t_xx42,0,1,0,1
t_xx43,0,1,0,1
t_xx44,0,1,0,1
t_xx45,0,1,0,1
t_xx46,0,1,0,1
t_xx47,0,1,0,1
t_xx48,0,1,0,1
t_xx49,0,1,0,1
t_xx50,0,1,0,1
t_xx51,0,1,0,1
t_xx52,0,1,0,1
t_xx53,0,1,0,1
t_xx54,0,1,0,1
t_xx55,0,1,0,1
t_xx56,0,1,0,1
t_xx57,0,1,0,1
t_xx58,0,1,0,1
t_xx59,0,1,0,1
t_xx60,0,1,0,1
t_xx61,0,1,0,1
t_xx62,0,1,0,1
t_xx63,0,1,0,1
t_xx64,0,1,0,1
t_xx65,0,1,0,1
t_xx66,0,1,0,1
t_xx67,0,1,0,1
t_xx68,0,1,0,1
t_xx69,0,1,0,1
t_xx70,0,1,0,1
t_xx71,0,1,0,1
t_xx72,0,1,0,1
t_xx73,0,1,0,1
t_xx74,0,1,0,1
t_xx75,0,1,0,1
t_xx76,0,1,0,1
t_xx77,0,1,0,1
t_xx78,0,1,0,1
t_xx79,0,1,0,1
t_xx80,0,1,0,1
t_xx81,0,1,0,1
t_xx82,0,1,0,1
t_xx83,0,1,0,1
t_xx84,0,1,0,1
t_xx85,0,1,0,1
t_xx86,0,1,0,1
t_xx87,0,1,0,1
t_xx88,0,1,0,1
t_xx89,0,1,0,1
t_xx90,0,1,0,1
t_xx91,0,1,0,1
t_xx92,0,1,0,1
t_xx93,0,1,0,1
t_xx94,0,1,0,1
t_xx95,0,1,0,1
t_xx96,0,1,0,1
t_xx97,0,1,0,1
t_xx98,0,1,0,1
t_xx99,0,1,0,1
t_xx100,0,1,0,1
t_xx101,0,1,0,1
t_xx102,0,1,0,1
t_xx103,0,1,0,1
t_xx104,0,1,0,1
t_xx105,0,1,0,1
t_xx106,0,1,0,1
t_xx107,0,1,0,1
t_xx108,0,1,0,1
t_xx109,0,1,0,1
t_xx110,0,1,0,1
t_xx111,0,1,0,1
t_xx112,0,1,0,1
t_xx113,0,1,0,1
t_xx114,0,1,0,1
t_xx115,0,1,0,1
t_xx116,0,1,0,1
t_xx117,0,1,0,1
t_xx118,0,1,0,1
t_xx119,0,1,0,1
t_xx120,0,1,0,1
t_xx121,0,1,0,1
t_xx122,0,1,0,1
t_xx123,0,1,0,1
t_xx124,0,1,0,1
t_xx125,0,1,0,1
t_xx126,0,1,0,1
t_xx127,0,1,0,1
t_xx128,0,1,0,1
t_xx129,0,1,0,1
t_xx130,0,1,0,1
t_xx131,0,1,0,1
t_xx132,0,1,0,1
t_xx133,0,1,0,1
t_xx134,0,1,0,1
t_xx135,0,1,0,1
t_xx136,0,1,0,1
t_xx137,0,1,0,1
t_xx138,0,1,0,1
t_xx139,0,1,0,1
t_xx140,0,1,0,1
t_xx141,0,1,0,1
t_xx142,0,1,0,1
t_xx143,0,1,0,1
t_xx144,0,1,0,1
t_xx145,0,1,0,1
t_xx146,0,1,0,1
t_xx147,0,1,0,1
t_xx148,0,1,0,1
t_xx149,0,1,0,1
t_xx150,0,1,0,1
t_xx151,0,1,0,1
t_xx152,0,1,0,1
t_xx153,0,1,0,1
t_xx154,0,1,0,1
t_xx155,0,1,0,1
t_xx156,0,1,0,1
t_xx157,0,1,0,1
t_xx158,0,1,0,1
t_xx159,0,1,0,1
t_xx160,0,1,0,1
t_xx161,0,1,0,1
t_xx162,0,1,0,1
t_xx163,0,1,0,1
t_xx164,0,1,0,1
t_xx165,0,1,0,1
t_xx166,0,1,0,1
t_xx167,0,1,0,1
t_xx168,0,1,0,1
t_xx169,0,1,0,1
t_xx170,0,1,0,1
t_xx171,0,1,0,1
t_xx172,0,1,0,1
t_xx173,0,1,0,1
t_xx174,0,1,0,1
t_xx175,0,1,0,1
t_xx176,0,1,0,1
t_xx177,0,1,0,1
t_xx178,0,1,0,1
t_xx179,0,1,0,1
t_xx180,0,1,0,1
t_xx181,0,1,0,1
t_xx182,0,1,0,1
t_xx183,0,1,0,1
t_xx184,0,1,0,1
t_xx185,0,1,0,1
t_xx186,0,1,0,1
t_xx187,0,1,0,1
t_xx188,0,1,0,1
t_xx189,0,1,0,1
t_xx190,0,1,0,1
t_xx191,0,1,0,1
t_xx192,0,1,0,1
t_xx193,0,1,0,1
t_xx194,0,1,0,1
t_xx195,0,1,0,1
t_xx196,0,1,0,1
t_xx197,0,1,0,1
t_xx198,0,1,0,1
t_xx199,0,1,0,1
t_xx200,0,1,0,1
t_xx201,0,1,0,1
t_xx202,0,1,0,1
t_xx203,0,1,0,1
t_xx204,0,1,0,1
t_xx205,0,1,0,1
t_xx206,0,1,0,1
t_xx207,0,1,0,1
t_xx208,0,1,0,1
t_xx209,0,1,0,1
t_xx210,0,1,0,1
t_xx211,0,1,0,1
t_xx212,0,1,0,1
t_xx213,0,1,0,1
t_xx214,0,1,0,1
t_xx215,0,1,0,1
t_xx216,0,1,0,1
t_xx217,0,1,0,1
t_xx218,0,1,0,1
t_xx219,0,1,0,1
t_xx220,0,1,0,1
t_xx221,0,1,0,1
t_xx222,0,1,0,1
t_xx223,0,1,0,1
t_xx224,0,1,0,1
t_xx225,0,1,0,1
t_xx226,0,1,0,1
t_xx227,0,1,0,1
t_xx228,0,1,0,1
t_xx229,0,1,0,1
t_xx230,0,1,0,1
t_xx231,0,1,0,1
t_xx232,0,1,0,1
t_xx233,0,1,0,1
t_xx234,0,1,0,1
t_xx235,0,1,0,1
t_xx236,0,1,0,1
t_xx237,0,1,0,1
t_xx238,0,1,0,1
t_xx239,0,1,0,1
t_xx240,0,1,0,1
t_xx241,0,1,0,1
t_xx242,0,1,0,1
t_xx243,0,1,0,1
t_xx244,0,1,0,1
t_xx245,0,1,0,1
t_xx246,0,1,0,1
t_xx247,0,1,0,1
t_xx248,0,1,0,1
t_xx249,0,1,0,1
t_xx250,0,1,0,1
t_xx251,0,1,0,1
t_xx252,0,1,0,1
t_xx253,0,1,0,1
t_xx254,0,1,0,1
t_xx255,0,1,0,1
t_xx256,0,1,0,1
t_xx257,0,1,0,1
t_xx258,0,1,0,1
t_xx259,0,1,0,1
t_xx260,0,1,0,1
t_xx261,0,1,0,1
t_xx262,0,1,0,1
t_xx263,0,1,0,1
t_xx264,0,1,0,1
t_xx265,0,1,0,1
t_xx266,0,1,0,1
t_xx267,0,1,0,1
t_xx268,0,1,0,1
t_xx269,0,1,0,1
t_xx270,0,1,0,1
t_xx271,0,1,0,1
t_xx272,0,1,0,1
t_xx273,0,1,0,1
t_xx274,0,1,0,1
t_xx275,0,1,0,1
t_xx276,0,1,0,1
t_xx277,0,1,0,1
t_xx278,0,1,0,1
t_xx279,0,1,0,1
t_xx280,0,1,0,1
t_xx281,0,1,0,1
t_xx282,0,1,0,1
t_xx283,0,1,0,1
t_xx284,0,1,0,1
t_xx285,0,1,0,1
t_xx286,0,1,0,1
t_xx287,0,1,0,1
t_xx288,0,1,0,1
t_xx289,0,1,0,1
t_xx290,0,1,0,1
t_xx291,0,1,0,1
t_xx292,0,1,0,1
t_xx293,0,1,0,1
t_xx294,0,1,0,1
t_xx295,0,1,0,1
t_xx296,0,1,0,1
t_xx297,0,1,0,1
t_xx298,0,1,0,1
t_xx299,0,1,0,1
t_xx300,0,1,0,1
t_xx301,0,1,0,1
t_xx302,0,1,0,1
t_xx303,0,1,0,1
t_xx304,0,1,0,1
t_xx305,0,1,0,1
t_xx306,0,1,0,1
t_xx307,0,1,0,1
t_xx308,0,1,0,1
t_xx309,0,1,0,1
t_xx310,0,1,0,1
t_xx311,0,1,0,1
t_xx312,0,1,0,1
t_xx313,0,1,0,1
t_xx314,0,1,0,1
t_xx315,0,1,0,1
t_xx316,0,1,0,1
t_xx317,0,1,0,1
t_xx318,0,1,0,1
t_xx319,0,1,0,1
t_xx320,0,1,0,1
t_xx321,0,1,0,1
t_xx322,0,1,0,1
t_xx323,0,1,0,1
t_xx324,0,1,0,1
t_xx325,0,1,0,1
t_xx326,0,1,0,1
t_xx327,0,1,0,1
t_xx328,0,1,0,1
t_xx329,0,1,0,1
t_xx330,0,1,0,1
t_xx331,0,1,0,1
t_xx332,0,1,0,1
t_xx333,0,1,0,1
t_xx334,0,1,0,1
t_xx335,0,1,0,1
t_xx336,0,1,0,1
t_xx337,0,1,0,1
t_xx338,0,1,0,1
t_xx339,0,1,0,1
t_xx340,0,1,0,1
t_xx341,0,1,0,1
t_xx342,0,1,0,1
t_xx343,0,1,0,1
t_xx344,0,1,0,1
t_xx345,0,1,0,1
t_xx346,0,1,0,1
t_xx347,0,1,0,1
t_xx348,0,1,0,1
t_xx349,0,1,0,1
t_xx350,0,1,0,1
t_xx351,0,1,0,1
t_xx352,0,1,0,1
t_xx353,0,1,0,1
t_xx354,0,1,0,1
t_xx355,0,1,0,1
t_xx356,0,1,0,1
t_xx357,0,1,0,1
t_xx358,0,1,0,1
t_xx359,0,1,0,1
t_xx360,0,1,0,1
t_xx361,0,1,0,1
t_xx362,0,1,0,1
t_xx363,0,1,0,1
t_xx364,0,1,0,1
t_xx365,0,1,0,1
t_xx366,0,1,0,1
t_xx367,0,1,0,1
t_xx368,0,1,0,1
t_xx369,0,1,0,1
t_xx370,0,1,0,1
t_xx371,0,1,0,1
t_xx372,0,1,0,1
t_xx373,0,1,0,1
t_xx374,0,1,0,1
t_xx375,0,1,0,1
t_xx376,0,1,0,1
t_xx377,0,1,0,1
t_xx378,0,1,0,1
t_xx379,0,1,0,1
t_xx380,0,1,0,1
t_xx381,0,1,0,1
t_xx382,0,1,0,1
t_xx383,0,1,0,1
t_xx384,0,1,0,1
t_b1,0,1,1,2
t_b2,0,1,1,2
t_b3,0,1,1,2
t_b4,0,1,1,2
t_b5,0,1,1,2
t_b6,0,1,1,2
t_b7,0,1,1,2
t_b8,0,1,1,2
t_b9,0,1,1,2
t_b10,0,1,1,2
t_b11,0,1,1,2
t_b12,0,1,1,2
t_b13,0,1,1,2
t_b14,0,1,1,2
t_b15,0,1,1,2
t_b16,0,1,1,2
t_b17,0,1,1,2
t_b18,0,1,1,2
t_b19,0,1,1,2
t_b20,0,1,1,2
t_b21,0,1,1,2
t_b22,0,1,1,2
t_b23,0,1,1,2
t_b24,0,1,1,2
t_b25,0,1,1,2
t_b26,0,1,1,2
t_b27,0,1,1,2
t_b28,0,1,1,2
t_b29,0,1,1,2
t_b30,0,1,1,2
t_b31,0,1,1,2
t_b32,0,1,1,2
t_b33,0,1,1,2
t_b34,0,1,1,2
t_b35,0,1,1,2
t_b36,0,1,1,2
t_b37,0,1,1,2
t_b38,0,1,1,2
t_b39,0,1,1,2
t_b40,0,1,1,2
t_b41,0,1,1,2
t_b42,0,1,1,2
t_b43,0,1,1,2
t_b44,0,1,1,2
t_b45,0,1,1,2
t_b46,0,1,1,2
t_b47,0,1,1,2
t_b48,0,1,1,2
t_b49,0,1,1,2
t_b50,0,1,1,2
t_b51,0,1,1,2
t_b52,0,1,1,2
t_b53,0,1,1,2
t_b54,0,1,1,2
t_b55,0,1,1,2
t_b56,0,1,1,2
t_b57,0,1,1,2
t_b58,0,1,1,2
t_b59,0,1,1,2
t_b60,0,1,1,2
t_b61,0,1,1,2
t_b62,0,1,1,2
t_b63,0,1,1,2
t_b64,0,1,1,2
t_b65,0,1,1,2
t_b66,0,1,1,2
t_b67,0,1,1,2
t_b68,0,1,1,2
t_b69,0,1,1,2
t_b70,0,1,1,2
t_b71,0,1,1,2
t_b72,0,1,1,2
t_b73,0,1,1,2
t_b74,0,1,1,2
t_b75,0,1,1,2
t_b76,0,1,1,2
t_b77,0,1,1,2
t_b78,0,1,1,2
t_b79,0,1,1,2
t_b80,0,1,1,2
t_b81,0,1,1,2
t_b82,0,1,1,2
t_b83,0,1,1,2
t_b84,0,1,1,2
t_b85,0,1,1,2
t_b86,0,1,1,2
t_b87,0,1,1,2
t_b88,0,1,1,2
t_b89,0,1,1,2
t_b90,0,1,1,2
t_b91,0,1,1,2
t_b92,0,1,1,2
t_b93,0,1,1,2
t_b94,0,1,1,2
t_b95,0,1,1,2
t_b96,0,1,1,2
t_b97,0,1,1,2
t_b98,0,1,1,2
t_b99,0,1,1,2
t_b100,0,1,1,2
t_b101,0,1,1,2
t_b102,0,1,1,2
t_b103,0,1,1,2
t_b104,0,1,1,2
t_b105,0,1,1,2
t_b106,0,1,1,2
t_b107,0,1,1,2
t_b108,0,1,1,2
t_b109,0,1,1,2
t_b110,0,1,1,2
t_b111,0,1,1,2
t_b112,0,1,1,2
t_b113,0,1,1,2
t_b114,0,1,1,2
t_b115,0,1,1,2
t_b116,0,1,1,2
t_b117,0,1,1,2
t_b118,0,1,1,2
t_b119,0,1,1,2
t_b120,0,1,1,2
t_b121,0,1,1,2
t_b122,0,1,1,2
t_b123,0,1,1,2
t_b124,0,1,1,2
t_b125,0,1,1,2
t_b126,0,1,1,2
t_b127,0,1,1,2
t_b128,0,1,1,2
t_b129,0,1,1,2
t_b130,0,1,1,2
t_b131,0,1,1,2
t_b132,0,1,1,2
t_b133,0,1,1,2
t_b134,0,1,1,2
t_b135,0,1,1,2
t_b136,0,1,1,2
t_b137,0,1,1,2
t_b138,0,1,1,2
t_b139,0,1,1,2
t_b140,0,1,1,2
t_b141,0,1,1,2
t_b142,0,1,1,2
t_b143,0,1,1,2
t_b144,0,1,1,2
t_b145,0,1,1,2
t_b146,0,1,1,2
t_b147,0,1,1,2
t_b148,0,1,1,2
t_b149,0,1,1,2
t_b150,0,1,1,2
t_b151,0,1,1,2
t_b152,0,1,1,2
t_b153,0,1,1,2
t_b154,0,1,1,2
t_b155,0,1,1,2
t_b156,0,1,1,2
t_b157,0,1,1,2
t_b158,0,1,1,2
t_b159,0,1,1,2
t_b160,0,1,1,2
t_b161,0,1,1,2
t_b162,0,1,1,2
t_b163,0,1,1,2
t_b164,0,1,1,2
t_b165,0,1,1,2
t_b166,0,1,1,2
t_b167,0,1,1,2
t_b168,0,1,1,2
t_b169,0,1,1,2
t_b170,0,1,1,2
t_b171,0,1,1,2
t_b172,0,1,1,2
t_b173,0,1,1,2
t_b174,0,1,1,2
t_b175,0,1,1,2
t_b176,0,1,1,2
t_b177,0,1,1,2
t_b178,0,1,1,2
t_b179,0,1,1,2
t_b180,0,1,1,2
t_b181,0,1,1,2
t_b182,0,1,1,2
t_b183,0,1,1,2
t_b184,0,1,1,2
t_b185,0,1,1,2
t_b186,0,1,1,2
t_b187,0,1,1,2
t_b188,0,1,1,2
t_b189,0,1,1,2
t_b190,0,1,1,2
t_b191,0,1,1,2
t_b192,0,1,1,2
t_b193,0,1,1,2
t_b194,0,1,1,2
t_b195,0,1,1,2
t_b196,0,1,1,2
t_b197,0,1,1,2
t_b198,0,1,1,2
t_b199,0,1,1,2
t_b200,0,1,1,2
t_b201,0,1,1,2
t_b202,0,1,1,2
t_b203,0,1,1,2
t_b204,0,1,1,2
t_b205,0,1,1,2
t_b206,0,1,1,2
t_b207,0,1,1,2
t_b208,0,1,1,2
t_b209,0,1,1,2
t_b210,0,1,1,2
t_b211,0,1,1,2
t_b212,0,1,1,2
t_b213,0,1,1,2
t_b214,0,1,1,2
t_b215,0,1,1,2
t_b216,0,1,1,2
t_b217,0,1,1,2
t_b218,0,1,1,2
t_b219,0,1,1,2
t_b220,0,1,1,2
t_b221,0,1,1,2
t_b222,0,1,1,2
t_b223,0,1,1,2
t_b224,0,1,1,2
t_b225,0,1,1,2
t_b226,0,1,1,2
t_b227,0,1,1,2
t_b228,0,1,1,2
t_b229,0,1,1,2
t_b230,0,1,1,2
t_b231,0,1,1,2
t_b232,0,1,1,2
t_b233,0,1,1,2
t_b234,0,1,1,2
t_b235,0,1,1,2
t_b236,0,1,1,2
t_b237,0,1,1,2
t_b238,0,1,1,2
t_b239,0,1,1,2
t_b240,0,1,1,2
t_b241,0,1,1,2
t_b242,0,1,1,2
t_b243,0,1,1,2
t_b244,0,1,1,2
t_b245,0,1,1,2
t_b246,0,1,1,2
t_b247,0,1,1,2
t_b248,0,1,1,2
t_b249,0,1,1,2
t_b250,0,1,1,2
t_b251,0,1,1,2
t_b252,0,1,1,2
t_b253,0,1,1,2
t_b254,0,1,1,2
t_b255,0,1,1,2
t_b256,0,1,1,2
t_b257,0,1,1,2
t_b258,0,1,1,2
t_b259,0,1,1,2
t_b260,0,1,1,2
t_b261,0,1,1,2
t_b262,0,1,1,2
t_b263,0,1,1,2
t_b264,0,1,1,2
t_b265,0,1,1,2
t_b266,0,1,1,2
t_b267,0,1,1,2
t_b268,0,1,1,2
t_b269,0,1,1,2
t_b270,0,1,1,2
t_b271,0,1,1,2
t_b272,0,1,1,2
t_b273,0,1,1,2
t_b274,0,1,1,2
t_b275,0,1,1,2
t_b276,0,1,1,2
t_b277,0,1,1,2
t_b278,0,1,1,2
t_b279,0,1,1,2
t_b280,0,1,1,2
t_b281,0,1,1,2
t_b282,0,1,1,2
t_b283,0,1,1,2
t_b284,0,1,1,2
t_b285,0,1,1,2
t_b286,0,1,1,2
t_b287,0,1,1,2
t_b288,0,1,1,2
t_b289,0,1,1,2
t_b290,0,1,1,2
t_b291,0,1,1,2
t_b292,0,1,1,2
t_b293,0,1,1,2
t_b294,0,1,1,2
t_b295,0,1,1,2
t_b296,0,1,1,2
t_b297,0,1,1,2
t_b298,0,1,1,2
t_b299,0,1,1,2
t_b300,0,1,1,2
t_b301,0,1,1,2
t_b302,0,1,1,2
t_b303,0,1,1,2
t_b304,0,1,1,2
t_b305,0,1,1,2
t_b306,0,1,1,2
t_b307,0,1,1,2
t_b308,0,1,1,2
t_b309,0,1,1,2
t_b310,0,1,1,2
t_b311,0,1,1,2
t_b312,0,1,1,2
t_b313,0,1,1,2
t_b314,0,1,1,2
t_b315,0,1,1,2
t_b316,0,1,1,2
t_b317,0,1,1,2
t_b318,0,1,1,2
t_b319,0,1,1,2
t_b320,0,1,1,2
t_b321,0,1,1,2
t_b322,0,1,1,2
t_b323,0,1,1,2
t_b324,0,1,1,2
t_b325,0,1,1,2
t_b326,0,1,1,2
t_b327,0,1,1,2
t_b328,0,1,1,2
t_b329,0,1,1,2
t_b330,0,1,1,2
t_b331,0,1,1,2
t_b332,0,1,1,2
t_b333,0,1,1,2
t_b334,0,1,1,2
t_b335,0,1,1,2
t_b336,0,1,1,2
t_b337,0,1,1,2
t_b338,0,1,1,2
t_b339,0,1,1,2
t_b340,0,1,1,2
t_b341,0,1,1,2
t_b342,0,1,1,2
t_b343,0,1,1,2
t_b344,0,1,1,2
t_b345,0,1,1,2
t_b346,0,1,1,2
t_b347,0,1,1,2
t_b348,0,1,1,2
t_b349,0,1,1,2
t_b350,0,1,1,2
t_b351,0,1,1,2
t_b352,0,1,1,2
t_b353,0,1,1,2
t_b354,0,1,1,2
t_b355,0,1,1,2
t_b356,0,1,1,2
t_b357,0,1,1,2
t_b358,0,1,1,2
t_b359,0,1,1,2
t_b360,0,1,1,2
t_b361,0,1,1,2
t_b362,0,1,1,2
t_b363,0,1,1,2
t_b364,0,1,1,2
t_b365,0,1,1,2
t_b366,0,1,1,2
t_b367,0,1,1,2
t_b368,0,1,1,2
t_b369,0,1,1,2
t_b370,0,1,1,2
t_b371,0,1,1,2
t_b372,0,1,1,2
t_b373,0,1,1,2
t_b374,0,1,1,2
t_b375,0,1,1,2
t_b376,0,1,1,2
t_b377,0,1,1,2
t_b378,0,1,1,2
t_b379,0,1,1,2
t_b380,0,1,1,2
t_b381,0,1,1,2
t_b382,0,1,1,2
t_b383,0,1,1,2
t_b384,0,1,1,2
n_xx1,0,0,0,3
n_xx2,0,0,0,3
n_xx3,0,0,0,3
n_xx4,0,0,0,3
n_xx5,0,0,0,3
n_xx6,0,0,0,3
n_xx7,0,0,0,3
n_xx8,0,0,0,3
n_xx9,0,0,0,3
n_xx10,0,0,0,3
n_xx11,0,0,0,3
n_xx12,0,0,0,3
n_xx13,0,0,0,3
n_xx14,0,0,0,3
n_xx15,0,0,0,3
n_xx16,0,0,0,3
n_xx17,0,0,0,3
n_xx18,0,0,0,3
n_xx19,0,0,0,3
n_xx20,0,0,0,3
n_xx21,0,0,0,3
n_xx22,0,0,0,3
n_xx23,0,0,0,3
n_xx24,0,0,0,3
n_xx25,0,0,0,3
n_xx26,0,0,0,3
n_xx27,0,0,0,3
n_xx28,0,0,0,3
n_xx29,0,0,0,3
n_xx30,0,0,0,3
n_xx31,0,0,0,3
n_xx32,0,0,0,3
n_xx33,0,0,0,3
n_xx34,0,0,0,3
n_xx35,0,0,0,3
n_xx36,0,0,0,3
n_xx37,0,0,0,3
n_xx38,0,0,0,3
n_xx39,0,0,0,3
n_xx40,0,0,0,3
n_xx41,0,0,0,3
n_xx42,0,0,0,3
n_xx43,0,0,0,3
n_xx44,0,0,0,3
n_xx45,0,0,0,3
n_xx46,0,0,0,3
n_xx47,0,0,0,3
n_xx48,0,0,0,3
n_xx49,0,0,0,3
n_xx50,0,0,0,3
n_xx51,0,0,0,3
n_xx52,0,0,0,3
n_xx53,0,0,0,3
n_xx54,0,0,0,3
n_xx55,0,0,0,3
n_xx56,0,0,0,3
n_xx57,0,0,0,3
n_xx58,0,0,0,3
n_xx59,0,0,0,3
n_xx60,0,0,0,3
n_xx61,0,0,0,3
n_xx62,0,0,0,3
n_xx63,0,0,0,3
n_xx64,0,0,0,3
n_xx65,0,0,0,3
n_xx66,0,0,0,3
n_xx67,0,0,0,3
n_xx68,0,0,0,3
n_xx69,0,0,0,3
n_xx70,0,0,0,3
n_xx71,0,0,0,3
n_xx72,0,0,0,3
n_xx73,0,0,0,3
n_xx74,0,0,0,3
n_xx75,0,0,0,3
n_xx76,0,0,0,3
n_xx77,0,0,0,3
n_xx78,0,0,0,3
n_xx79,0,0,0,3
n_xx80,0,0,0,3
n_xx81,0,0,0,3
n_xx82,0,0,0,3
n_xx83,0,0,0,3
n_xx84,0,0,0,3
n_xx85,0,0,0,3
n_xx86,0,0,0,3
n_xx87,0,0,0,3
n_xx88,0,0,0,3
n_xx89,0,0,0,3
n_xx90,0,0,0,3
n_xx91,0,0,0,3
n_xx92,0,0,0,3
n_xx93,0,0,0,3
n_xx94,0,0,0,3
n_xx95,0,0,0,3
n_xx96,0,0,0,3
n_xx97,0,0,0,3
n_xx98,0,0,0,3
n_xx99,0,0,0,3
n_xx100,0,0,0,3
n_xx101,0,0,0,3
n_xx102,0,0,0,3
n_xx103,0,0,0,3
n_xx104,0,0,0,3
n_xx105,0,0,0,3
n_xx106,0,0,0,3
n_xx107,0,0,0,3
n_xx108,0,0,0,3
n_xx109,0,0,0,3
n_xx110,0,0,0,3
n_xx111,0,0,0,3
n_xx112,0,0,0,3
n_xx113,0,0,0,3
n_xx114,0,0,0,3
n_xx115,0,0,0,3
n_xx116,0,0,0,3
n_xx117,0,0,0,3
n_xx118,0,0,0,3
n_xx119,0,0,0,3
n_xx120,0,0,0,3
n_xx121,0,0,0,3
n_xx122,0,0,0,3
n_xx123,0,0,0,3
n_xx124,0,0,0,3
n_xx125,0,0,0,3
n_xx126,0,0,0,3
n_xx127,0,0,0,3
n_xx128,0,0,0,3
n_xx129,0,0,0,3
n_xx130,0,0,0,3
n_xx131,0,0,0,3
n_xx132,0,0,0,3
n_xx133,0,0,0,3
n_xx134,0,0,0,3
n_xx135,0,0,0,3
n_xx136,0,0,0,3
n_xx137,0,0,0,3
n_xx138,0,0,0,3
n_xx139,0,0,0,3
n_xx140,0,0,0,3
n_xx141,0,0,0,3
n_xx142,0,0,0,3
n_xx143,0,0,0,3
n_xx144,0,0,0,3
n_xx145,0,0,0,3
n_xx146,0,0,0,3
n_xx147,0,0,0,3
n_xx148,0,0,0,3
n_xx149,0,0,0,3
n_xx150,0,0,0,3
n_xx151,0,0,0,3
n_xx152,0,0,0,3
n_xx153,0,0,0,3
n_xx154,0,0,0,3
n_xx155,0,0,0,3
n_xx156,0,0,0,3
n_xx157,0,0,0,3
n_xx158,0,0,0,3
n_xx159,0,0,0,3
n_xx160,0,0,0,3
n_xx161,0,0,0,3
n_xx162,0,0,0,3
n_xx163,0,0,0,3
n_xx164,0,0,0,3
n_xx165,0,0,0,3
n_xx166,0,0,0,3
n_xx167,0,0,0,3
n_xx168,0,0,0,3
n_xx169,0,0,0,3
n_xx170,0,0,0,3
n_xx171,0,0,0,3
n_xx172,0,0,0,3
n_xx173,0,0,0,3
n_xx174,0,0,0,3
n_xx175,0,0,0,3
n_xx176,0,0,0,3
n_xx177,0,0,0,3
n_xx178,0,0,0,3
n_xx179,0,0,0,3
n_xx180,0,0,0,3
n_xx181,0,0,0,3
n_xx182,0,0,0,3
n_xx183,0,0,0,3
n_xx184,0,0,0,3
n_xx185,0,0,0,3
n_xx186,0,0,0,3
n_xx187,0,0,0,3
n_xx188,0,0,0,3
n_xx189,0,0,0,3
n_xx190,0,0,0,3
n_xx191,0,0,0,3
n_xx192,0,0,0,3
n_xx193,0,0,0,3
n_xx194,0,0,0,3
n_xx195,0,0,0,3
n_xx196,0,0,0,3
n_xx197,0,0,0,3
n_xx198,0,0,0,3
n_xx199,0,0,0,3
n_xx200,0,0,0,3
n_xx201,0,0,0,3
n_xx202,0,0,0,3
n_xx203,0,0,0,3
n_xx204,0,0,0,3
n_xx205,0,0,0,3
n_xx206,0,0,0,3
n_xx207,0,0,0,3
n_xx208,0,0,0,3
n_xx209,0,0,0,3
n_xx210,0,0,0,3
n_xx211,0,0,0,3
n_xx212,0,0,0,3
n_xx213,0,0,0,3
n_xx214,0,0,0,3
n_xx215,0,0,0,3
n_xx216,0,0,0,3
n_xx217,0,0,0,3
n_xx218,0,0,0,3
n_xx219,0,0,0,3
n_xx220,0,0,0,3
n_xx221,0,0,0,3
n_xx222,0,0,0,3
n_xx223,0,0,0,3
n_xx224,0,0,0,3
n_xx225,0,0,0,3
n_xx226,0,0,0,3
n_xx227,0,0,0,3
n_xx228,0,0,0,3
n_xx229,0,0,0,3
n_xx230,0,0,0,3
n_xx231,0,0,0,3
n_xx232,0,0,0,3
n_xx233,0,0,0,3
n_xx234,0,0,0,3
n_xx235,0,0,0,3
n_xx236,0,0,0,3
n_xx237,0,0,0,3
n_xx238,0,0,0,3
n_xx239,0,0,0,3
n_xx240,0,0,0,3
n_xx241,0,0,0,3
n_xx242,0,0,0,3
n_xx243,0,0,0,3
n_xx244,0,0,0,3
n_xx245,0,0,0,3
n_xx246,0,0,0,3
n_xx247,0,0,0,3
n_xx248,0,0,0,3
n_xx249,0,0,0,3
n_xx250,0,0,0,3
n_xx251,0,0,0,3
n_xx252,0,0,0,3
n_xx253,0,0,0,3
n_xx254,0,0,0,3
n_xx255,0,0,0,3
n_xx256,0,0,0,3
n_xx257,0,0,0,3
n_xx258,0,0,0,3
n_xx259,0,0,0,3
n_xx260,0,0,0,3
n_xx261,0,0,0,3
n_xx262,0,0,0,3
n_xx263,0,0,0,3
n_xx264,0,0,0,3
n_xx265,0,0,0,3
n_xx266,0,0,0,3
n_xx267,0,0,0,3
n_xx268,0,0,0,3
n_xx269,0,0,0,3
n_xx270,0,0,0,3
n_xx271,0,0,0,3
n_xx272,0,0,0,3
n_xx273,0,0,0,3
n_xx274,0,0,0,3
n_xx275,0,0,0,3
n_xx276,0,0,0,3
n_xx277,0,0,0,3
n_xx278,0,0,0,3
n_xx279,0,0,0,3
n_xx280,0,0,0,3
n_xx281,0,0,0,3
n_xx282,0,0,0,3
n_xx283,0,0,0,3
n_xx284,0,0,0,3
n_xx285,0,0,0,3
n_xx286,0,0,0,3
n_xx287,0,0,0,3
n_xx288,0,0,0,3
n_xx289,0,0,0,3
n_xx290,0,0,0,3
n_xx291,0,0,0,3
n_xx292,0,0,0,3
n_xx293,0,0,0,3
n_xx294,0,0,0,3
n_xx295,0,0,0,3
n_xx296,0,0,0,3
n_xx297,0,0,0,3
n_xx298,0,0,0,3
n_xx299,0,0,0,3
n_xx300,0,0,0,3
n_xx301,0,0,0,3
n_xx302,0,0,0,3
n_xx303,0,0,0,3
n_xx304,0,0,0,3
n_xx305,0,0,0,3
n_xx306,0,0,0,3
n_xx307,0,0,0,3
n_xx308,0,0,0,3
n_xx309,0,0,0,3
n_xx310,0,0,0,3
n_xx311,0,0,0,3
n_xx312,0,0,0,3
n_xx313,0,0,0,3
n_xx314,0,0,0,3
n_xx315,0,0,0,3
n_xx316,0,0,0,3
n_xx317,0,0,0,3
n_xx318,0,0,0,3
n_xx319,0,0,0,3
n_xx320,0,0,0,3
n_xx321,0,0,0,3
n_xx322,0,0,0,3
n_xx323,0,0,0,3
n_xx324,0,0,0,3
n_xx325,0,0,0,3
n_xx326,0,0,0,3
n_xx327,0,0,0,3
n_xx328,0,0,0,3
n_xx329,0,0,0,3
n_xx330,0,0,0,3
n_xx331,0,0,0,3
n_xx332,0,0,0,3
n_xx333,0,0,0,3
n_xx334,0,0,0,3
n_xx335,0,0,0,3
n_xx336,0,0,0,3
n_xx337,0,0,0,3
n_xx338,0,0,0,3
n_xx339,0,0,0,3
n_xx340,0,0,0,3
n_xx341,0,0,0,3
n_xx342,0,0,0,3
n_xx343,0,0,0,3
n_xx344,0,0,0,3
n_xx345,0,0,0,3
n_xx346,0,0,0,3
n_xx347,0,0,0,3
n_xx348,0,0,0,3
n_xx349,0,0,0,3
n_xx350,0,0,0,3
n_xx351,0,0,0,3
n_xx352,0,0,0,3
n_xx353,0,0,0,3
n_xx354,0,0,0,3
n_xx355,0,0,0,3
n_xx356,0,0,0,3
n_xx357,0,0,0,3
n_xx358,0,0,0,3
n_xx359,0,0,0,3
n_xx360,0,0,0,3
n_xx361,0,0,0,3
n_xx362,0,0,0,3
n_xx363,0,0,0,3
n_xx364,0,0,0,3
n_xx365,0,0,0,3
n_xx366,0,0,0,3
n_xx367,0,0,0,3
n_xx368,0,0,0,3
n_xx369,0,0,0,3
n_xx370,0,0,0,3
n_xx371,0,0,0,3
n_xx372,0,0,0,3
n_xx373,0,0,0,3
n_xx374,0,0,0,3
n_xx375,0,0,0,3
n_xx376,0,0,0,3
n_xx377,0,0,0,3
n_xx378,0,0,0,3
n_xx379,0,0,0,3
n_xx380,0,0,0,3
n_xx381,0,0,0,3
n_xx382,0,0,0,3
n_xx383,0,0,0,3
n_xx384,0,0,0,3
n_b1,0,0,1,4
n_b2,0,0,1,4
n_b3,0,0,1,4
n_b4,0,0,1,4
n_b5,0,0,1,4
n_b6,0,0,1,4
n_b7,0,0,1,4
n_b8,0,0,1,4
n_b9,0,0,1,4
n_b10,0,0,1,4
n_b11,0,0,1,4
n_b12,0,0,1,4
n_b13,0,0,1,4
n_b14,0,0,1,4
n_b15,0,0,1,4
n_b16,0,0,1,4
n_b17,0,0,1,4
n_b18,0,0,1,4
n_b19,0,0,1,4
n_b20,0,0,1,4
n_b21,0,0,1,4
n_b22,0,0,1,4
n_b23,0,0,1,4
n_b24,0,0,1,4
n_b25,0,0,1,4
n_b26,0,0,1,4
n_b27,0,0,1,4
n_b28,0,0,1,4
n_b29,0,0,1,4
n_b30,0,0,1,4
n_b31,0,0,1,4
n_b32,0,0,1,4
n_b33,0,0,1,4
n_b34,0,0,1,4
n_b35,0,0,1,4
n_b36,0,0,1,4
n_b37,0,0,1,4
n_b38,0,0,1,4
n_b39,0,0,1,4
n_b40,0,0,1,4
n_b41,0,0,1,4
n_b42,0,0,1,4
n_b43,0,0,1,4
n_b44,0,0,1,4
n_b45,0,0,1,4
n_b46,0,0,1,4
n_b47,0,0,1,4
n_b48,0,0,1,4
n_b49,0,0,1,4
n_b50,0,0,1,4
n_b51,0,0,1,4
n_b52,0,0,1,4
n_b53,0,0,1,4
n_b54,0,0,1,4
n_b55,0,0,1,4
n_b56,0,0,1,4
n_b57,0,0,1,4
n_b58,0,0,1,4
n_b59,0,0,1,4
n_b60,0,0,1,4
n_b61,0,0,1,4
n_b62,0,0,1,4
n_b63,0,0,1,4
n_b64,0,0,1,4
n_b65,0,0,1,4
n_b66,0,0,1,4
n_b67,0,0,1,4
n_b68,0,0,1,4
n_b69,0,0,1,4
n_b70,0,0,1,4
n_b71,0,0,1,4
n_b72,0,0,1,4
n_b73,0,0,1,4
n_b74,0,0,1,4
n_b75,0,0,1,4
n_b76,0,0,1,4
n_b77,0,0,1,4
n_b78,0,0,1,4
n_b79,0,0,1,4
n_b80,0,0,1,4
n_b81,0,0,1,4
n_b82,0,0,1,4
n_b83,0,0,1,4
n_b84,0,0,1,4
n_b85,0,0,1,4
n_b86,0,0,1,4
n_b87,0,0,1,4
n_b88,0,0,1,4
n_b89,0,0,1,4
n_b90,0,0,1,4
n_b91,0,0,1,4
n_b92,0,0,1,4
n_b93,0,0,1,4
n_b94,0,0,1,4
n_b95,0,0,1,4
n_b96,0,0,1,4
n_b97,0,0,1,4
n_b98,0,0,1,4
n_b99,0,0,1,4
n_b100,0,0,1,4
n_b101,0,0,1,4
n_b102,0,0,1,4
n_b103,0,0,1,4
n_b104,0,0,1,4
n_b105,0,0,1,4
n_b106,0,0,1,4
n_b107,0,0,1,4
n_b108,0,0,1,4
n_b109,0,0,1,4
n_b110,0,0,1,4
n_b111,0,0,1,4
n_b112,0,0,1,4
n_b113,0,0,1,4
n_b114,0,0,1,4
n_b115,0,0,1,4
n_b116,0,0,1,4
n_b117,0,0,1,4
n_b118,0,0,1,4
n_b119,0,0,1,4
n_b120,0,0,1,4
n_b121,0,0,1,4
n_b122,0,0,1,4
n_b123,0,0,1,4
n_b124,0,0,1,4
n_b125,0,0,1,4
n_b126,0,0,1,4
n_b127,0,0,1,4
n_b128,0,0,1,4
n_b129,0,0,1,4
n_b130,0,0,1,4
n_b131,0,0,1,4
n_b132,0,0,1,4
n_b133,0,0,1,4
n_b134,0,0,1,4
n_b135,0,0,1,4
n_b136,0,0,1,4
n_b137,0,0,1,4
n_b138,0,0,1,4
n_b139,0,0,1,4
n_b140,0,0,1,4
n_b141,0,0,1,4
n_b142,0,0,1,4
n_b143,0,0,1,4
n_b144,0,0,1,4
n_b145,0,0,1,4
n_b146,0,0,1,4
n_b147,0,0,1,4
n_b148,0,0,1,4
n_b149,0,0,1,4
n_b150,0,0,1,4
n_b151,0,0,1,4
n_b152,0,0,1,4
n_b153,0,0,1,4
n_b154,0,0,1,4
n_b155,0,0,1,4
n_b156,0,0,1,4
n_b157,0,0,1,4
n_b158,0,0,1,4
n_b159,0,0,1,4
n_b160,0,0,1,4
n_b161,0,0,1,4
n_b162,0,0,1,4
n_b163,0,0,1,4
n_b164,0,0,1,4
n_b165,0,0,1,4
n_b166,0,0,1,4
n_b167,0,0,1,4
n_b168,0,0,1,4
n_b169,0,0,1,4
n_b170,0,0,1,4
n_b171,0,0,1,4
n_b172,0,0,1,4
n_b173,0,0,1,4
n_b174,0,0,1,4
n_b175,0,0,1,4
n_b176,0,0,1,4
n_b177,0,0,1,4
n_b178,0,0,1,4
n_b179,0,0,1,4
n_b180,0,0,1,4
n_b181,0,0,1,4
n_b182,0,0,1,4
n_b183,0,0,1,4
n_b184,0,0,1,4
n_b185,0,0,1,4
n_b186,0,0,1,4
n_b187,0,0,1,4
n_b188,0,0,1,4
n_b189,0,0,1,4
n_b190,0,0,1,4
n_b191,0,0,1,4
n_b192,0,0,1,4
n_b193,0,0,1,4
n_b194,0,0,1,4
n_b195,0,0,1,4
n_b196,0,0,1,4
n_b197,0,0,1,4
n_b198,0,0,1,4
n_b199,0,0,1,4
n_b200,0,0,1,4
n_b201,0,0,1,4
n_b202,0,0,1,4
n_b203,0,0,1,4
n_b204,0,0,1,4
n_b205,0,0,1,4
n_b206,0,0,1,4
n_b207,0,0,1,4
n_b208,0,0,1,4
n_b209,0,0,1,4
n_b210,0,0,1,4
n_b211,0,0,1,4
n_b212,0,0,1,4
n_b213,0,0,1,4
n_b214,0,0,1,4
n_b215,0,0,1,4
n_b216,0,0,1,4
n_b217,0,0,1,4
n_b218,0,0,1,4
n_b219,0,0,1,4
n_b220,0,0,1,4
n_b221,0,0,1,4
n_b222,0,0,1,4
n_b223,0,0,1,4
n_b224,0,0,1,4
n_b225,0,0,1,4
n_b226,0,0,1,4
n_b227,0,0,1,4
n_b228,0,0,1,4
n_b229,0,0,1,4
n_b230,0,0,1,4
n_b231,0,0,1,4
n_b232,0,0,1,4
n_b233,0,0,1,4
n_b234,0,0,1,4
n_b235,0,0,1,4
n_b236,0,0,1,4
n_b237,0,0,1,4
n_b238,0,0,1,4
n_b239,0,0,1,4
n_b240,0,0,1,4
n_b241,0,0,1,4
n_b242,0,0,1,4
n_b243,0,0,1,4
n_b244,0,0,1,4
n_b245,0,0,1,4
n_b246,0,0,1,4
n_b247,0,0,1,4
n_b248,0,0,1,4
n_b249,0,0,1,4
n_b250,0,0,1,4
n_b251,0,0,1,4
n_b252,0,0,1,4
n_b253,0,0,1,4
n_b254,0,0,1,4
n_b255,0,0,1,4
n_b256,0,0,1,4
n_b257,0,0,1,4
n_b258,0,0,1,4
n_b259,0,0,1,4
n_b260,0,0,1,4
n_b261,0,0,1,4
n_b262,0,0,1,4
n_b263,0,0,1,4
n_b264,0,0,1,4
n_b265,0,0,1,4
n_b266,0,0,1,4
n_b267,0,0,1,4
n_b268,0,0,1,4
n_b269,0,0,1,4
n_b270,0,0,1,4
n_b271,0,0,1,4
n_b272,0,0,1,4
n_b273,0,0,1,4
n_b274,0,0,1,4
n_b275,0,0,1,4
n_b276,0,0,1,4
n_b277,0,0,1,4
n_b278,0,0,1,4
n_b279,0,0,1,4
n_b280,0,0,1,4
n_b281,0,0,1,4
n_b282,0,0,1,4
n_b283,0,0,1,4
n_b284,0,0,1,4
n_b285,0,0,1,4
n_b286,0,0,1,4
n_b287,0,0,1,4
n_b288,0,0,1,4
n_b289,0,0,1,4
n_b290,0,0,1,4
n_b291,0,0,1,4
n_b292,0,0,1,4
n_b293,0,0,1,4
n_b294,0,0,1,4
n_b295,0,0,1,4
n_b296,0,0,1,4
n_b297,0,0,1,4
n_b298,0,0,1,4
n_b299,0,0,1,4
n_b300,0,0,1,4
n_b301,0,0,1,4
n_b302,0,0,1,4
n_b303,0,0,1,4
n_b304,0,0,1,4
n_b305,0,0,1,4
n_b306,0,0,1,4
n_b307,0,0,1,4
n_b308,0,0,1,4
n_b309,0,0,1,4
n_b310,0,0,1,4
n_b311,0,0,1,4
n_b312,0,0,1,4
n_b313,0,0,1,4
n_b314,0,0,1,4
n_b315,0,0,1,4
n_b316,0,0,1,4
n_b317,0,0,1,4
n_b318,0,0,1,4
n_b319,0,0,1,4
n_b320,0,0,1,4
n_b321,0,0,1,4
n_b322,0,0,1,4
n_b323,0,0,1,4
n_b324,0,0,1,4
n_b325,0,0,1,4
n_b326,0,0,1,4
n_b327,0,0,1,4
n_b328,0,0,1,4
n_b329,0,0,1,4
n_b330,0,0,1,4
n_b331,0,0,1,4
n_b332,0,0,1,4
n_b333,0,0,1,4
n_b334,0,0,1,4
n_b335,0,0,1,4
n_b336,0,0,1,4
n_b337,0,0,1,4
n_b338,0,0,1,4
n_b339,0,0,1,4
n_b340,0,0,1,4
n_b341,0,0,1,4
n_b342,0,0,1,4
n_b343,0,0,1,4
n_b344,0,0,1,4
n_b345,0,0,1,4
n_b346,0,0,1,4
n_b347,0,0,1,4
n_b348,0,0,1,4
n_b349,0,0,1,4
n_b350,0,0,1,4
n_b351,0,0,1,4
n_b352,0,0,1,4
n_b353,0,0,1,4
n_b354,0,0,1,4
n_b355,0,0,1,4
n_b356,0,0,1,4
n_b357,0,0,1,4
n_b358,0,0,1,4
n_b359,0,0,1,4
n_b360,0,0,1,4
n_b361,0,0,1,4
n_b362,0,0,1,4
n_b363,0,0,1,4
n_b364,0,0,1,4
n_b365,0,0,1,4
n_b366,0,0,1,4
n_b367,0,0,1,4
n_b368,0,0,1,4
n_b369,0,0,1,4
n_b370,0,0,1,4
n_b371,0,0,1,4
n_b372,0,0,1,4
n_b373,0,0,1,4
n_b374,0,0,1,4
n_b375,0,0,1,4
n_b376,0,0,1,4
n_b377,0,0,1,4
n_b378,0,0,1,4
n_b379,0,0,1,4
n_b380,0,0,1,4
n_b381,0,0,1,4
n_b382,0,0,1,4
n_b383,0,0,1,4
n_b384,0,0,1,4
tt_xx1,1,0,0,5
tt_xx2,1,0,0,5
tt_xx3,1,0,0,5
tt_xx4,1,0,0,5
tt_xx5,1,0,0,5
tt_xx6,1,0,0,5
tt_xx7,1,0,0,5
tt_xx8,1,0,0,5
tt_xx9,1,0,0,5
tt_xx10,1,0,0,5
tt_xx11,1,0,0,5
tt_xx12,1,0,0,5
tt_xx13,1,0,0,5
tt_xx14,1,0,0,5
tt_xx15,1,0,0,5
tt_xx16,1,0,0,5
tt_xx17,1,0,0,5
tt_xx18,1,0,0,5
tt_xx19,1,0,0,5
tt_xx20,1,0,0,5
tt_xx21,1,0,0,5
tt_xx22,1,0,0,5
tt_xx23,1,0,0,5
tt_xx24,1,0,0,5
tt_xx25,1,0,0,5
tt_xx26,1,0,0,5
tt_xx27,1,0,0,5
tt_xx28,1,0,0,5
tt_xx29,1,0,0,5
tt_xx30,1,0,0,5
tt_xx31,1,0,0,5
tt_xx32,1,0,0,5
tt_xx33,1,0,0,5
tt_xx34,1,0,0,5
tt_xx35,1,0,0,5
tt_xx36,1,0,0,5
tt_xx37,1,0,0,5
tt_xx38,1,0,0,5
tt_xx39,1,0,0,5
tt_xx40,1,0,0,5
tt_xx41,1,0,0,5
tt_xx42,1,0,0,5
tt_xx43,1,0,0,5
tt_xx44,1,0,0,5
tt_xx45,1,0,0,5
tt_xx46,1,0,0,5
tt_xx47,1,0,0,5
tt_xx48,1,0,0,5
tt_xx49,1,0,0,5
tt_xx50,1,0,0,5
tt_xx51,1,0,0,5
tt_xx52,1,0,0,5
tt_xx53,1,0,0,5
tt_xx54,1,0,0,5
tt_xx55,1,0,0,5
tt_xx56,1,0,0,5
tt_xx57,1,0,0,5
tt_xx58,1,0,0,5
tt_xx59,1,0,0,5
tt_xx60,1,0,0,5
tt_xx61,1,0,0,5
tt_xx62,1,0,0,5
tt_xx63,1,0,0,5
tt_xx64,1,0,0,5
tt_xx65,1,0,0,5
tt_xx66,1,0,0,5
tt_xx67,1,0,0,5
tt_xx68,1,0,0,5
tt_xx69,1,0,0,5
tt_xx70,1,0,0,5
tt_xx71,1,0,0,5
tt_xx72,1,0,0,5
tt_xx73,1,0,0,5
tt_xx74,1,0,0,5
tt_xx75,1,0,0,5
tt_xx76,1,0,0,5
tt_xx77,1,0,0,5
tt_xx78,1,0,0,5
tt_xx79,1,0,0,5
tt_xx80,1,0,0,5
tt_xx81,1,0,0,5
tt_xx82,1,0,0,5
tt_xx83,1,0,0,5
tt_xx84,1,0,0,5
tt_xx85,1,0,0,5
tt_xx86,1,0,0,5
tt_xx87,1,0,0,5
tt_xx88,1,0,0,5
tt_xx89,1,0,0,5
tt_xx90,1,0,0,5
tt_xx91,1,0,0,5
tt_xx92,1,0,0,5
tt_xx93,1,0,0,5
tt_xx94,1,0,0,5
tt_xx95,1,0,0,5
tt_xx96,1,0,0,5
tt_xx97,1,0,0,5
tt_xx98,1,0,0,5
tt_xx99,1,0,0,5
tt_xx100,1,0,0,5
tt_xx101,1,0,0,5
tt_xx102,1,0,0,5
tt_xx103,1,0,0,5
tt_xx104,1,0,0,5
tt_xx105,1,0,0,5
tt_xx106,1,0,0,5
tt_xx107,1,0,0,5
tt_xx108,1,0,0,5
tt_xx109,1,0,0,5
tt_xx110,1,0,0,5
tt_xx111,1,0,0,5
tt_xx112,1,0,0,5
tt_xx113,1,0,0,5
tt_xx114,1,0,0,5
tt_xx115,1,0,0,5
tt_xx116,1,0,0,5
tt_xx117,1,0,0,5
tt_xx118,1,0,0,5
tt_xx119,1,0,0,5
tt_xx120,1,0,0,5
tt_xx121,1,0,0,5
tt_xx122,1,0,0,5
tt_xx123,1,0,0,5
tt_xx124,1,0,0,5
tt_xx125,1,0,0,5
tt_xx126,1,0,0,5
tt_xx127,1,0,0,5
tt_xx128,1,0,0,5
tt_xx129,1,0,0,5
tt_xx130,1,0,0,5
tt_xx131,1,0,0,5
tt_xx132,1,0,0,5
tt_xx133,1,0,0,5
tt_xx134,1,0,0,5
tt_xx135,1,0,0,5
tt_xx136,1,0,0,5
tt_xx137,1,0,0,5
tt_xx138,1,0,0,5
tt_xx139,1,0,0,5
tt_xx140,1,0,0,5
tt_xx141,1,0,0,5
tt_xx142,1,0,0,5
tt_xx143,1,0,0,5
tt_xx144,1,0,0,5
tt_xx145,1,0,0,5
tt_xx146,1,0,0,5
tt_xx147,1,0,0,5
tt_xx148,1,0,0,5
tt_xx149,1,0,0,5
tt_xx150,1,0,0,5
tt_xx151,1,0,0,5
tt_xx152,1,0,0,5
tt_xx153,1,0,0,5
tt_xx154,1,0,0,5
tt_xx155,1,0,0,5
tt_xx156,1,0,0,5
tt_xx157,1,0,0,5
tt_xx158,1,0,0,5
tt_xx159,1,0,0,5
tt_xx160,1,0,0,5
tt_xx161,1,0,0,5
tt_xx162,1,0,0,5
tt_xx163,1,0,0,5
tt_xx164,1,0,0,5
tt_xx165,1,0,0,5
tt_xx166,1,0,0,5
tt_xx167,1,0,0,5
tt_xx168,1,0,0,5
tt_xx169,1,0,0,5
tt_xx170,1,0,0,5
tt_xx171,1,0,0,5
tt_xx172,1,0,0,5
tt_xx173,1,0,0,5
tt_xx174,1,0,0,5
tt_xx175,1,0,0,5
tt_xx176,1,0,0,5
tt_xx177,1,0,0,5
tt_xx178,1,0,0,5
tt_xx179,1,0,0,5
tt_xx180,1,0,0,5
tt_xx181,1,0,0,5
tt_xx182,1,0,0,5
tt_xx183,1,0,0,5
tt_xx184,1,0,0,5
tt_xx185,1,0,0,5
tt_xx186,1,0,0,5
tt_xx187,1,0,0,5
tt_xx188,1,0,0,5
tt_xx189,1,0,0,5
tt_xx190,1,0,0,5
tt_xx191,1,0,0,5
tt_xx192,1,0,0,5
tt_xx193,1,0,0,5
tt_xx194,1,0,0,5
tt_xx195,1,0,0,5
tt_xx196,1,0,0,5
tt_xx197,1,0,0,5
tt_xx198,1,0,0,5
tt_xx199,1,0,0,5
tt_xx200,1,0,0,5
tt_xx201,1,0,0,5
tt_xx202,1,0,0,5
tt_xx203,1,0,0,5
tt_xx204,1,0,0,5
tt_xx205,1,0,0,5
tt_xx206,1,0,0,5
tt_xx207,1,0,0,5
tt_xx208,1,0,0,5
tt_xx209,1,0,0,5
tt_xx210,1,0,0,5
tt_xx211,1,0,0,5
tt_xx212,1,0,0,5
tt_xx213,1,0,0,5
tt_xx214,1,0,0,5
tt_xx215,1,0,0,5
tt_xx216,1,0,0,5
tt_xx217,1,0,0,5
tt_xx218,1,0,0,5
tt_xx219,1,0,0,5
tt_xx220,1,0,0,5
tt_xx221,1,0,0,5
tt_xx222,1,0,0,5
tt_xx223,1,0,0,5
tt_xx224,1,0,0,5
tt_xx225,1,0,0,5
tt_xx226,1,0,0,5
tt_xx227,1,0,0,5
tt_xx228,1,0,0,5
tt_xx229,1,0,0,5
tt_xx230,1,0,0,5
tt_xx231,1,0,0,5
tt_xx232,1,0,0,5
tt_xx233,1,0,0,5
tt_xx234,1,0,0,5
tt_xx235,1,0,0,5
tt_xx236,1,0,0,5
tt_xx237,1,0,0,5
tt_xx238,1,0,0,5
tt_xx239,1,0,0,5
tt_xx240,1,0,0,5
tt_xx241,1,0,0,5
tt_xx242,1,0,0,5
tt_xx243,1,0,0,5
tt_xx244,1,0,0,5
tt_xx245,1,0,0,5
tt_xx246,1,0,0,5
tt_xx247,1,0,0,5
tt_xx248,1,0,0,5
tt_xx249,1,0,0,5
tt_xx250,1,0,0,5
tt_xx251,1,0,0,5
tt_xx252,1,0,0,5
tt_xx253,1,0,0,5
tt_xx254,1,0,0,5
tt_xx255,1,0,0,5
tt_xx256,1,0,0,5
tt_xx257,1,0,0,5
tt_xx258,1,0,0,5
tt_xx259,1,0,0,5
tt_xx260,1,0,0,5
tt_xx261,1,0,0,5
tt_xx262,1,0,0,5
tt_xx263,1,0,0,5
tt_xx264,1,0,0,5
tt_xx265,1,0,0,5
tt_xx266,1,0,0,5
tt_xx267,1,0,0,5
tt_xx268,1,0,0,5
tt_xx269,1,0,0,5
tt_xx270,1,0,0,5
tt_xx271,1,0,0,5
tt_xx272,1,0,0,5
tt_xx273,1,0,0,5
tt_xx274,1,0,0,5
tt_xx275,1,0,0,5
tt_xx276,1,0,0,5
tt_xx277,1,0,0,5
tt_xx278,1,0,0,5
tt_xx279,1,0,0,5
tt_xx280,1,0,0,5
tt_xx281,1,0,0,5
tt_xx282,1,0,0,5
tt_xx283,1,0,0,5
tt_xx284,1,0,0,5
tt_xx285,1,0,0,5
tt_xx286,1,0,0,5
tt_xx287,1,0,0,5
tt_xx288,1,0,0,5
tt_xx289,1,0,0,5
tt_xx290,1,0,0,5
tt_xx291,1,0,0,5
tt_xx292,1,0,0,5
tt_xx293,1,0,0,5
tt_xx294,1,0,0,5
tt_xx295,1,0,0,5
tt_xx296,1,0,0,5
tt_xx297,1,0,0,5
tt_xx298,1,0,0,5
tt_xx299,1,0,0,5
tt_xx300,1,0,0,5
tt_xx301,1,0,0,5
tt_xx302,1,0,0,5
tt_xx303,1,0,0,5
tt_xx304,1,0,0,5
tt_xx305,1,0,0,5
tt_xx306,1,0,0,5
tt_xx307,1,0,0,5
tt_xx308,1,0,0,5
tt_xx309,1,0,0,5
tt_xx310,1,0,0,5
tt_xx311,1,0,0,5
tt_xx312,1,0,0,5
tt_xx313,1,0,0,5
tt_xx314,1,0,0,5
tt_xx315,1,0,0,5
tt_xx316,1,0,0,5
tt_xx317,1,0,0,5
tt_xx318,1,0,0,5
tt_xx319,1,0,0,5
tt_xx320,1,0,0,5
tt_xx321,1,0,0,5
tt_xx322,1,0,0,5
tt_xx323,1,0,0,5
tt_xx324,1,0,0,5
tt_xx325,1,0,0,5
tt_xx326,1,0,0,5
tt_xx327,1,0,0,5
tt_xx328,1,0,0,5
tt_xx329,1,0,0,5
tt_xx330,1,0,0,5
tt_xx331,1,0,0,5
tt_xx332,1,0,0,5
tt_xx333,1,0,0,5
tt_xx334,1,0,0,5
tt_xx335,1,0,0,5
tt_xx336,1,0,0,5
tt_xx337,1,0,0,5
tt_xx338,1,0,0,5
tt_xx339,1,0,0,5
tt_xx340,1,0,0,5
tt_xx341,1,0,0,5
tt_xx342,1,0,0,5
tt_xx343,1,0,0,5
tt_xx344,1,0,0,5
tt_xx345,1,0,0,5
tt_xx346,1,0,0,5
tt_xx347,1,0,0,5
tt_xx348,1,0,0,5
tt_xx349,1,0,0,5
tt_xx350,1,0,0,5
tt_xx351,1,0,0,5
tt_xx352,1,0,0,5
tt_xx353,1,0,0,5
tt_xx354,1,0,0,5
tt_xx355,1,0,0,5
tt_xx356,1,0,0,5
tt_xx357,1,0,0,5
tt_xx358,1,0,0,5
tt_xx359,1,0,0,5
tt_xx360,1,0,0,5
tt_xx361,1,0,0,5
tt_xx362,1,0,0,5
tt_xx363,1,0,0,5
tt_xx364,1,0,0,5
tt_xx365,1,0,0,5
tt_xx366,1,0,0,5
tt_xx367,1,0,0,5
tt_xx368,1,0,0,5
tt_xx369,1,0,0,5
tt_xx370,1,0,0,5
tt_xx371,1,0,0,5
tt_xx372,1,0,0,5
tt_xx373,1,0,0,5
tt_xx374,1,0,0,5
tt_xx375,1,0,0,5
tt_xx376,1,0,0,5
tt_xx377,1,0,0,5
tt_xx378,1,0,0,5
tt_xx379,1,0,0,5
tt_xx380,1,0,0,5
tt_xx381,1,0,0,5
tt_xx382,1,0,0,5
tt_xx383,1,0,0,5
tt_xx384,1,0,0,5
tt_b1,1,0,1,6
tt_b2,1,0,1,6
tt_b3,1,0,1,6
tt_b4,1,0,1,6
tt_b5,1,0,1,6
tt_b6,1,0,1,6
tt_b7,1,0,1,6
tt_b8,1,0,1,6
tt_b9,1,0,1,6
tt_b10,1,0,1,6
tt_b11,1,0,1,6
tt_b12,1,0,1,6
tt_b13,1,0,1,6
tt_b14,1,0,1,6
tt_b15,1,0,1,6
tt_b16,1,0,1,6
tt_b17,1,0,1,6
tt_b18,1,0,1,6
tt_b19,1,0,1,6
tt_b20,1,0,1,6
tt_b21,1,0,1,6
tt_b22,1,0,1,6
tt_b23,1,0,1,6
tt_b24,1,0,1,6
tt_b25,1,0,1,6
tt_b26,1,0,1,6
tt_b27,1,0,1,6
tt_b28,1,0,1,6
tt_b29,1,0,1,6
tt_b30,1,0,1,6
tt_b31,1,0,1,6
tt_b32,1,0,1,6
tt_b33,1,0,1,6
tt_b34,1,0,1,6
tt_b35,1,0,1,6
tt_b36,1,0,1,6
tt_b37,1,0,1,6
tt_b38,1,0,1,6
tt_b39,1,0,1,6
tt_b40,1,0,1,6
tt_b41,1,0,1,6
tt_b42,1,0,1,6
tt_b43,1,0,1,6
tt_b44,1,0,1,6
tt_b45,1,0,1,6
tt_b46,1,0,1,6
tt_b47,1,0,1,6
tt_b48,1,0,1,6
tt_b49,1,0,1,6
tt_b50,1,0,1,6
tt_b51,1,0,1,6
tt_b52,1,0,1,6
tt_b53,1,0,1,6
tt_b54,1,0,1,6
tt_b55,1,0,1,6
tt_b56,1,0,1,6
tt_b57,1,0,1,6
tt_b58,1,0,1,6
tt_b59,1,0,1,6
tt_b60,1,0,1,6
tt_b61,1,0,1,6
tt_b62,1,0,1,6
tt_b63,1,0,1,6
tt_b64,1,0,1,6
tt_b65,1,0,1,6
tt_b66,1,0,1,6
tt_b67,1,0,1,6
tt_b68,1,0,1,6
tt_b69,1,0,1,6
tt_b70,1,0,1,6
tt_b71,1,0,1,6
tt_b72,1,0,1,6
tt_b73,1,0,1,6
tt_b74,1,0,1,6
tt_b75,1,0,1,6
tt_b76,1,0,1,6
tt_b77,1,0,1,6
tt_b78,1,0,1,6
tt_b79,1,0,1,6
tt_b80,1,0,1,6
tt_b81,1,0,1,6
tt_b82,1,0,1,6
tt_b83,1,0,1,6
tt_b84,1,0,1,6
tt_b85,1,0,1,6
tt_b86,1,0,1,6
tt_b87,1,0,1,6
tt_b88,1,0,1,6
tt_b89,1,0,1,6
tt_b90,1,0,1,6
tt_b91,1,0,1,6
tt_b92,1,0,1,6
tt_b93,1,0,1,6
tt_b94,1,0,1,6
tt_b95,1,0,1,6
tt_b96,1,0,1,6
tt_b97,1,0,1,6
tt_b98,1,0,1,6
tt_b99,1,0,1,6
tt_b100,1,0,1,6
tt_b101,1,0,1,6
tt_b102,1,0,1,6
tt_b103,1,0,1,6
tt_b104,1,0,1,6
tt_b105,1,0,1,6
tt_b106,1,0,1,6
tt_b107,1,0,1,6
tt_b108,1,0,1,6
tt_b109,1,0,1,6
tt_b110,1,0,1,6
tt_b111,1,0,1,6
tt_b112,1,0,1,6
tt_b113,1,0,1,6
tt_b114,1,0,1,6
tt_b115,1,0,1,6
tt_b116,1,0,1,6
tt_b117,1,0,1,6
tt_b118,1,0,1,6
tt_b119,1,0,1,6
tt_b120,1,0,1,6
tt_b121,1,0,1,6
tt_b122,1,0,1,6
tt_b123,1,0,1,6
tt_b124,1,0,1,6
tt_b125,1,0,1,6
tt_b126,1,0,1,6
tt_b127,1,0,1,6
tt_b128,1,0,1,6
tt_b129,1,0,1,6
tt_b130,1,0,1,6
tt_b131,1,0,1,6
tt_b132,1,0,1,6
tt_b133,1,0,1,6
tt_b134,1,0,1,6
tt_b135,1,0,1,6
tt_b136,1,0,1,6
tt_b137,1,0,1,6
tt_b138,1,0,1,6
tt_b139,1,0,1,6
tt_b140,1,0,1,6
tt_b141,1,0,1,6
tt_b142,1,0,1,6
tt_b143,1,0,1,6
tt_b144,1,0,1,6
tt_b145,1,0,1,6
tt_b146,1,0,1,6
tt_b147,1,0,1,6
tt_b148,1,0,1,6
tt_b149,1,0,1,6
tt_b150,1,0,1,6
tt_b151,1,0,1,6
tt_b152,1,0,1,6
tt_b153,1,0,1,6
tt_b154,1,0,1,6
tt_b155,1,0,1,6
tt_b156,1,0,1,6
tt_b157,1,0,1,6
tt_b158,1,0,1,6
tt_b159,1,0,1,6
tt_b160,1,0,1,6
tt_b161,1,0,1,6
tt_b162,1,0,1,6
tt_b163,1,0,1,6
tt_b164,1,0,1,6
tt_b165,1,0,1,6
tt_b166,1,0,1,6
tt_b167,1,0,1,6
tt_b168,1,0,1,6
tt_b169,1,0,1,6
tt_b170,1,0,1,6
tt_b171,1,0,1,6
tt_b172,1,0,1,6
tt_b173,1,0,1,6
tt_b174,1,0,1,6
tt_b175,1,0,1,6
tt_b176,1,0,1,6
tt_b177,1,0,1,6
tt_b178,1,0,1,6
tt_b179,1,0,1,6
tt_b180,1,0,1,6
tt_b181,1,0,1,6
tt_b182,1,0,1,6
tt_b183,1,0,1,6
tt_b184,1,0,1,6
tt_b185,1,0,1,6
tt_b186,1,0,1,6
tt_b187,1,0,1,6
tt_b188,1,0,1,6
tt_b189,1,0,1,6
tt_b190,1,0,1,6
tt_b191,1,0,1,6
tt_b192,1,0,1,6
tt_b193,1,0,1,6
tt_b194,1,0,1,6
tt_b195,1,0,1,6
tt_b196,1,0,1,6
tt_b197,1,0,1,6
tt_b198,1,0,1,6
tt_b199,1,0,1,6
tt_b200,1,0,1,6
tt_b201,1,0,1,6
tt_b202,1,0,1,6
tt_b203,1,0,1,6
tt_b204,1,0,1,6
tt_b205,1,0,1,6
tt_b206,1,0,1,6
tt_b207,1,0,1,6
tt_b208,1,0,1,6
tt_b209,1,0,1,6
tt_b210,1,0,1,6
tt_b211,1,0,1,6
tt_b212,1,0,1,6
tt_b213,1,0,1,6
tt_b214,1,0,1,6
tt_b215,1,0,1,6
tt_b216,1,0,1,6
tt_b217,1,0,1,6
tt_b218,1,0,1,6
tt_b219,1,0,1,6
tt_b220,1,0,1,6
tt_b221,1,0,1,6
tt_b222,1,0,1,6
tt_b223,1,0,1,6
tt_b224,1,0,1,6
tt_b225,1,0,1,6
tt_b226,1,0,1,6
tt_b227,1,0,1,6
tt_b228,1,0,1,6
tt_b229,1,0,1,6
tt_b230,1,0,1,6
tt_b231,1,0,1,6
tt_b232,1,0,1,6
tt_b233,1,0,1,6
tt_b234,1,0,1,6
tt_b235,1,0,1,6
tt_b236,1,0,1,6
tt_b237,1,0,1,6
tt_b238,1,0,1,6
tt_b239,1,0,1,6
tt_b240,1,0,1,6
tt_b241,1,0,1,6
tt_b242,1,0,1,6
tt_b243,1,0,1,6
tt_b244,1,0,1,6
tt_b245,1,0,1,6
tt_b246,1,0,1,6
tt_b247,1,0,1,6
tt_b248,1,0,1,6
tt_b249,1,0,1,6
tt_b250,1,0,1,6
tt_b251,1,0,1,6
tt_b252,1,0,1,6
tt_b253,1,0,1,6
tt_b254,1,0,1,6
tt_b255,1,0,1,6
tt_b256,1,0,1,6
tt_b257,1,0,1,6
tt_b258,1,0,1,6
tt_b259,1,0,1,6
tt_b260,1,0,1,6
tt_b261,1,0,1,6
tt_b262,1,0,1,6
tt_b263,1,0,1,6
tt_b264,1,0,1,6
tt_b265,1,0,1,6
tt_b266,1,0,1,6
tt_b267,1,0,1,6
tt_b268,1,0,1,6
tt_b269,1,0,1,6
tt_b270,1,0,1,6
tt_b271,1,0,1,6
tt_b272,1,0,1,6
tt_b273,1,0,1,6
tt_b274,1,0,1,6
tt_b275,1,0,1,6
tt_b276,1,0,1,6
tt_b277,1,0,1,6
tt_b278,1,0,1,6
tt_b279,1,0,1,6
tt_b280,1,0,1,6
tt_b281,1,0,1,6
tt_b282,1,0,1,6
tt_b283,1,0,1,6
tt_b284,1,0,1,6
tt_b285,1,0,1,6
tt_b286,1,0,1,6
tt_b287,1,0,1,6
tt_b288,1,0,1,6
tt_b289,1,0,1,6
tt_b290,1,0,1,6
tt_b291,1,0,1,6
tt_b292,1,0,1,6
tt_b293,1,0,1,6
tt_b294,1,0,1,6
tt_b295,1,0,1,6
tt_b296,1,0,1,6
tt_b297,1,0,1,6
tt_b298,1,0,1,6
tt_b299,1,0,1,6
tt_b300,1,0,1,6
tt_b301,1,0,1,6
tt_b302,1,0,1,6
tt_b303,1,0,1,6
tt_b304,1,0,1,6
tt_b305,1,0,1,6
tt_b306,1,0,1,6
tt_b307,1,0,1,6
tt_b308,1,0,1,6
tt_b309,1,0,1,6
tt_b310,1,0,1,6
tt_b311,1,0,1,6
tt_b312,1,0,1,6
tt_b313,1,0,1,6
tt_b314,1,0,1,6
tt_b315,1,0,1,6
tt_b316,1,0,1,6
tt_b317,1,0,1,6
tt_b318,1,0,1,6
tt_b319,1,0,1,6
tt_b320,1,0,1,6
tt_b321,1,0,1,6
tt_b322,1,0,1,6
tt_b323,1,0,1,6
tt_b324,1,0,1,6
tt_b325,1,0,1,6
tt_b326,1,0,1,6
tt_b327,1,0,1,6
tt_b328,1,0,1,6
tt_b329,1,0,1,6
tt_b330,1,0,1,6
tt_b331,1,0,1,6
tt_b332,1,0,1,6
tt_b333,1,0,1,6
tt_b334,1,0,1,6
tt_b335,1,0,1,6
tt_b336,1,0,1,6
tt_b337,1,0,1,6
tt_b338,1,0,1,6
tt_b339,1,0,1,6
tt_b340,1,0,1,6
tt_b341,1,0,1,6
tt_b342,1,0,1,6
tt_b343,1,0,1,6
tt_b344,1,0,1,6
tt_b345,1,0,1,6
tt_b346,1,0,1,6
tt_b347,1,0,1,6
tt_b348,1,0,1,6
tt_b349,1,0,1,6
tt_b350,1,0,1,6
tt_b351,1,0,1,6
tt_b352,1,0,1,6
tt_b353,1,0,1,6
tt_b354,1,0,1,6
tt_b355,1,0,1,6
tt_b356,1,0,1,6
tt_b357,1,0,1,6
tt_b358,1,0,1,6
tt_b359,1,0,1,6
tt_b360,1,0,1,6
tt_b361,1,0,1,6
tt_b362,1,0,1,6
tt_b363,1,0,1,6
tt_b364,1,0,1,6
tt_b365,1,0,1,6
tt_b366,1,0,1,6
tt_b367,1,0,1,6
tt_b368,1,0,1,6
tt_b369,1,0,1,6
tt_b370,1,0,1,6
tt_b371,1,0,1,6
tt_b372,1,0,1,6
tt_b373,1,0,1,6
tt_b374,1,0,1,6
tt_b375,1,0,1,6
tt_b376,1,0,1,6
tt_b377,1,0,1,6
tt_b378,1,0,1,6
tt_b379,1,0,1,6
tt_b380,1,0,1,6
tt_b381,1,0,1,6
tt_b382,1,0,1,6
tt_b383,1,0,1,6
tt_b384,1,0,1,6
b_xx1,1,1,0,7
b_xx2,1,1,0,7
b_xx3,1,1,0,7
b_xx4,1,1,0,7
b_xx5,1,1,0,7
b_xx6,1,1,0,7
b_xx7,1,1,0,7
b_xx8,1,1,0,7
b_xx9,1,1,0,7
b_xx10,1,1,0,7
b_xx11,1,1,0,7
b_xx12,1,1,0,7
b_xx13,1,1,0,7
b_xx14,1,1,0,7
b_xx15,1,1,0,7
b_xx16,1,1,0,7
b_xx17,1,1,0,7
b_xx18,1,1,0,7
b_xx19,1,1,0,7
b_xx20,1,1,0,7
b_xx21,1,1,0,7
b_xx22,1,1,0,7
b_xx23,1,1,0,7
b_xx24,1,1,0,7
b_xx25,1,1,0,7
b_xx26,1,1,0,7
b_xx27,1,1,0,7
b_xx28,1,1,0,7
b_xx29,1,1,0,7
b_xx30,1,1,0,7
b_xx31,1,1,0,7
b_xx32,1,1,0,7
b_xx33,1,1,0,7
b_xx34,1,1,0,7
b_xx35,1,1,0,7
b_xx36,1,1,0,7
b_xx37,1,1,0,7
b_xx38,1,1,0,7
b_xx39,1,1,0,7
b_xx40,1,1,0,7
b_xx41,1,1,0,7
b_xx42,1,1,0,7
b_xx43,1,1,0,7
b_xx44,1,1,0,7
b_xx45,1,1,0,7
b_xx46,1,1,0,7
b_xx47,1,1,0,7
b_xx48,1,1,0,7
b_xx49,1,1,0,7
b_xx50,1,1,0,7
b_xx51,1,1,0,7
b_xx52,1,1,0,7
b_xx53,1,1,0,7
b_xx54,1,1,0,7
b_xx55,1,1,0,7
b_xx56,1,1,0,7
b_xx57,1,1,0,7
b_xx58,1,1,0,7
b_xx59,1,1,0,7
b_xx60,1,1,0,7
b_xx61,1,1,0,7
b_xx62,1,1,0,7
b_xx63,1,1,0,7
b_xx64,1,1,0,7
b_xx65,1,1,0,7
b_xx66,1,1,0,7
b_xx67,1,1,0,7
b_xx68,1,1,0,7
b_xx69,1,1,0,7
b_xx70,1,1,0,7
b_xx71,1,1,0,7
b_xx72,1,1,0,7
b_xx73,1,1,0,7
b_xx74,1,1,0,7
b_xx75,1,1,0,7
b_xx76,1,1,0,7
b_xx77,1,1,0,7
b_xx78,1,1,0,7
b_xx79,1,1,0,7
b_xx80,1,1,0,7
b_xx81,1,1,0,7
b_xx82,1,1,0,7
b_xx83,1,1,0,7
b_xx84,1,1,0,7
b_xx85,1,1,0,7
b_xx86,1,1,0,7
b_xx87,1,1,0,7
b_xx88,1,1,0,7
b_xx89,1,1,0,7
b_xx90,1,1,0,7
b_xx91,1,1,0,7
b_xx92,1,1,0,7
b_xx93,1,1,0,7
b_xx94,1,1,0,7
b_xx95,1,1,0,7
b_xx96,1,1,0,7
b_xx97,1,1,0,7
b_xx98,1,1,0,7
b_xx99,1,1,0,7
b_xx100,1,1,0,7
b_xx101,1,1,0,7
b_xx102,1,1,0,7
b_xx103,1,1,0,7
b_xx104,1,1,0,7
b_xx105,1,1,0,7
b_xx106,1,1,0,7
b_xx107,1,1,0,7
b_xx108,1,1,0,7
b_xx109,1,1,0,7
b_xx110,1,1,0,7
b_xx111,1,1,0,7
b_xx112,1,1,0,7
b_xx113,1,1,0,7
b_xx114,1,1,0,7
b_xx115,1,1,0,7
b_xx116,1,1,0,7
b_xx117,1,1,0,7
b_xx118,1,1,0,7
b_xx119,1,1,0,7
b_xx120,1,1,0,7
b_xx121,1,1,0,7
b_xx122,1,1,0,7
b_xx123,1,1,0,7
b_xx124,1,1,0,7
b_xx125,1,1,0,7
b_xx126,1,1,0,7
b_xx127,1,1,0,7
b_xx128,1,1,0,7
b_xx129,1,1,0,7
b_xx130,1,1,0,7
b_xx131,1,1,0,7
b_xx132,1,1,0,7
b_xx133,1,1,0,7
b_xx134,1,1,0,7
b_xx135,1,1,0,7
b_xx136,1,1,0,7
b_xx137,1,1,0,7
b_xx138,1,1,0,7
b_xx139,1,1,0,7
b_xx140,1,1,0,7
b_xx141,1,1,0,7
b_xx142,1,1,0,7
b_xx143,1,1,0,7
b_xx144,1,1,0,7
b_xx145,1,1,0,7
b_xx146,1,1,0,7
b_xx147,1,1,0,7
b_xx148,1,1,0,7
b_xx149,1,1,0,7
b_xx150,1,1,0,7
b_xx151,1,1,0,7
b_xx152,1,1,0,7
b_xx153,1,1,0,7
b_xx154,1,1,0,7
b_xx155,1,1,0,7
b_xx156,1,1,0,7
b_xx157,1,1,0,7
b_xx158,1,1,0,7
b_xx159,1,1,0,7
b_xx160,1,1,0,7
b_xx161,1,1,0,7
b_xx162,1,1,0,7
b_xx163,1,1,0,7
b_xx164,1,1,0,7
b_xx165,1,1,0,7
b_xx166,1,1,0,7
b_xx167,1,1,0,7
b_xx168,1,1,0,7
b_xx169,1,1,0,7
b_xx170,1,1,0,7
b_xx171,1,1,0,7
b_xx172,1,1,0,7
b_xx173,1,1,0,7
b_xx174,1,1,0,7
b_xx175,1,1,0,7
b_xx176,1,1,0,7
b_xx177,1,1,0,7
b_xx178,1,1,0,7
b_xx179,1,1,0,7
b_xx180,1,1,0,7
b_xx181,1,1,0,7
b_xx182,1,1,0,7
b_xx183,1,1,0,7
b_xx184,1,1,0,7
b_xx185,1,1,0,7
b_xx186,1,1,0,7
b_xx187,1,1,0,7
b_xx188,1,1,0,7
b_xx189,1,1,0,7
b_xx190,1,1,0,7
b_xx191,1,1,0,7
b_xx192,1,1,0,7
b_xx193,1,1,0,7
b_xx194,1,1,0,7
b_xx195,1,1,0,7
b_xx196,1,1,0,7
b_xx197,1,1,0,7
b_xx198,1,1,0,7
b_xx199,1,1,0,7
b_xx200,1,1,0,7
b_xx201,1,1,0,7
b_xx202,1,1,0,7
b_xx203,1,1,0,7
b_xx204,1,1,0,7
b_xx205,1,1,0,7
b_xx206,1,1,0,7
b_xx207,1,1,0,7
b_xx208,1,1,0,7
b_xx209,1,1,0,7
b_xx210,1,1,0,7
b_xx211,1,1,0,7
b_xx212,1,1,0,7
b_xx213,1,1,0,7
b_xx214,1,1,0,7
b_xx215,1,1,0,7
b_xx216,1,1,0,7
b_xx217,1,1,0,7
b_xx218,1,1,0,7
b_xx219,1,1,0,7
b_xx220,1,1,0,7
b_xx221,1,1,0,7
b_xx222,1,1,0,7
b_xx223,1,1,0,7
b_xx224,1,1,0,7
b_xx225,1,1,0,7
b_xx226,1,1,0,7
b_xx227,1,1,0,7
b_xx228,1,1,0,7
b_xx229,1,1,0,7
b_xx230,1,1,0,7
b_xx231,1,1,0,7
b_xx232,1,1,0,7
b_xx233,1,1,0,7
b_xx234,1,1,0,7
b_xx235,1,1,0,7
b_xx236,1,1,0,7
b_xx237,1,1,0,7
b_xx238,1,1,0,7
b_xx239,1,1,0,7
b_xx240,1,1,0,7
b_xx241,1,1,0,7
b_xx242,1,1,0,7
b_xx243,1,1,0,7
b_xx244,1,1,0,7
b_xx245,1,1,0,7
b_xx246,1,1,0,7
b_xx247,1,1,0,7
b_xx248,1,1,0,7
b_xx249,1,1,0,7
b_xx250,1,1,0,7
b_xx251,1,1,0,7
b_xx252,1,1,0,7
b_xx253,1,1,0,7
b_xx254,1,1,0,7
b_xx255,1,1,0,7
b_xx256,1,1,0,7
b_xx257,1,1,0,7
b_xx258,1,1,0,7
b_xx259,1,1,0,7
b_xx260,1,1,0,7
b_xx261,1,1,0,7
b_xx262,1,1,0,7
b_xx263,1,1,0,7
b_xx264,1,1,0,7
b_xx265,1,1,0,7
b_xx266,1,1,0,7
b_xx267,1,1,0,7
b_xx268,1,1,0,7
b_xx269,1,1,0,7
b_xx270,1,1,0,7
b_xx271,1,1,0,7
b_xx272,1,1,0,7
b_xx273,1,1,0,7
b_xx274,1,1,0,7
b_xx275,1,1,0,7
b_xx276,1,1,0,7
b_xx277,1,1,0,7
b_xx278,1,1,0,7
b_xx279,1,1,0,7
b_xx280,1,1,0,7
b_xx281,1,1,0,7
b_xx282,1,1,0,7
b_xx283,1,1,0,7
b_xx284,1,1,0,7
b_xx285,1,1,0,7
b_xx286,1,1,0,7
b_xx287,1,1,0,7
b_xx288,1,1,0,7
b_xx289,1,1,0,7
b_xx290,1,1,0,7
b_xx291,1,1,0,7
b_xx292,1,1,0,7
b_xx293,1,1,0,7
b_xx294,1,1,0,7
b_xx295,1,1,0,7
b_xx296,1,1,0,7
b_xx297,1,1,0,7
b_xx298,1,1,0,7
b_xx299,1,1,0,7
b_xx300,1,1,0,7
b_xx301,1,1,0,7
b_xx302,1,1,0,7
b_xx303,1,1,0,7
b_xx304,1,1,0,7
b_xx305,1,1,0,7
b_xx306,1,1,0,7
b_xx307,1,1,0,7
b_xx308,1,1,0,7
b_xx309,1,1,0,7
b_xx310,1,1,0,7
b_xx311,1,1,0,7
b_xx312,1,1,0,7
b_xx313,1,1,0,7
b_xx314,1,1,0,7
b_xx315,1,1,0,7
b_xx316,1,1,0,7
b_xx317,1,1,0,7
b_xx318,1,1,0,7
b_xx319,1,1,0,7
b_xx320,1,1,0,7
b_xx321,1,1,0,7
b_xx322,1,1,0,7
b_xx323,1,1,0,7
b_xx324,1,1,0,7
b_xx325,1,1,0,7
b_xx326,1,1,0,7
b_xx327,1,1,0,7
b_xx328,1,1,0,7
b_xx329,1,1,0,7
b_xx330,1,1,0,7
b_xx331,1,1,0,7
b_xx332,1,1,0,7
b_xx333,1,1,0,7
b_xx334,1,1,0,7
b_xx335,1,1,0,7
b_xx336,1,1,0,7
b_xx337,1,1,0,7
b_xx338,1,1,0,7
b_xx339,1,1,0,7
b_xx340,1,1,0,7
b_xx341,1,1,0,7
b_xx342,1,1,0,7
b_xx343,1,1,0,7
b_xx344,1,1,0,7
b_xx345,1,1,0,7
b_xx346,1,1,0,7
b_xx347,1,1,0,7
b_xx348,1,1,0,7
b_xx349,1,1,0,7
b_xx350,1,1,0,7
b_xx351,1,1,0,7
b_xx352,1,1,0,7
b_xx353,1,1,0,7
b_xx354,1,1,0,7
b_xx355,1,1,0,7
b_xx356,1,1,0,7
b_xx357,1,1,0,7
b_xx358,1,1,0,7
b_xx359,1,1,0,7
b_xx360,1,1,0,7
b_xx361,1,1,0,7
b_xx362,1,1,0,7
b_xx363,1,1,0,7
b_xx364,1,1,0,7
b_xx365,1,1,0,7
b_xx366,1,1,0,7
b_xx367,1,1,0,7
b_xx368,1,1,0,7
b_xx369,1,1,0,7
b_xx370,1,1,0,7
b_xx371,1,1,0,7
b_xx372,1,1,0,7
b_xx373,1,1,0,7
b_xx374,1,1,0,7
b_xx375,1,1,0,7
b_xx376,1,1,0,7
b_xx377,1,1,0,7
b_xx378,1,1,0,7
b_xx379,1,1,0,7
b_xx380,1,1,0,7
b_xx381,1,1,0,7
b_xx382,1,1,0,7
b_xx383,1,1,0,7
b_xx384,1,1,0,7
b_b1,1,1,1,8
b_b2,1,1,1,8
b_b3,1,1,1,8
b_b4,1,1,1,8
b_b5,1,1,1,8
b_b6,1,1,1,8
b_b7,1,1,1,8
b_b8,1,1,1,8
b_b9,1,1,1,8
b_b10,1,1,1,8
b_b11,1,1,1,8
b_b12,1,1,1,8
b_b13,1,1,1,8
b_b14,1,1,1,8
b_b15,1,1,1,8
b_b16,1,1,1,8
b_b17,1,1,1,8
b_b18,1,1,1,8
b_b19,1,1,1,8
b_b20,1,1,1,8
b_b21,1,1,1,8
b_b22,1,1,1,8
b_b23,1,1,1,8
b_b24,1,1,1,8
b_b25,1,1,1,8
b_b26,1,1,1,8
b_b27,1,1,1,8
b_b28,1,1,1,8
b_b29,1,1,1,8
b_b30,1,1,1,8
b_b31,1,1,1,8
b_b32,1,1,1,8
b_b33,1,1,1,8
b_b34,1,1,1,8
b_b35,1,1,1,8
b_b36,1,1,1,8
b_b37,1,1,1,8
b_b38,1,1,1,8
b_b39,1,1,1,8
b_b40,1,1,1,8
b_b41,1,1,1,8
b_b42,1,1,1,8
b_b43,1,1,1,8
b_b44,1,1,1,8
b_b45,1,1,1,8
b_b46,1,1,1,8
b_b47,1,1,1,8
b_b48,1,1,1,8
b_b49,1,1,1,8
b_b50,1,1,1,8
b_b51,1,1,1,8
b_b52,1,1,1,8
b_b53,1,1,1,8
b_b54,1,1,1,8
b_b55,1,1,1,8
b_b56,1,1,1,8
b_b57,1,1,1,8
b_b58,1,1,1,8
b_b59,1,1,1,8
b_b60,1,1,1,8
b_b61,1,1,1,8
b_b62,1,1,1,8
b_b63,1,1,1,8
b_b64,1,1,1,8
b_b65,1,1,1,8
b_b66,1,1,1,8
b_b67,1,1,1,8
b_b68,1,1,1,8
b_b69,1,1,1,8
b_b70,1,1,1,8
b_b71,1,1,1,8
b_b72,1,1,1,8
b_b73,1,1,1,8
b_b74,1,1,1,8
b_b75,1,1,1,8
b_b76,1,1,1,8
b_b77,1,1,1,8
b_b78,1,1,1,8
b_b79,1,1,1,8
b_b80,1,1,1,8
b_b81,1,1,1,8
b_b82,1,1,1,8
b_b83,1,1,1,8
b_b84,1,1,1,8
b_b85,1,1,1,8
b_b86,1,1,1,8
b_b87,1,1,1,8
b_b88,1,1,1,8
b_b89,1,1,1,8
b_b90,1,1,1,8
b_b91,1,1,1,8
b_b92,1,1,1,8
b_b93,1,1,1,8
b_b94,1,1,1,8
b_b95,1,1,1,8
b_b96,1,1,1,8
b_b97,1,1,1,8
b_b98,1,1,1,8
b_b99,1,1,1,8
b_b100,1,1,1,8
b_b101,1,1,1,8
b_b102,1,1,1,8
b_b103,1,1,1,8
b_b104,1,1,1,8
b_b105,1,1,1,8
b_b106,1,1,1,8
b_b107,1,1,1,8
b_b108,1,1,1,8
b_b109,1,1,1,8
b_b110,1,1,1,8
b_b111,1,1,1,8
b_b112,1,1,1,8
b_b113,1,1,1,8
b_b114,1,1,1,8
b_b115,1,1,1,8
b_b116,1,1,1,8
b_b117,1,1,1,8
b_b118,1,1,1,8
b_b119,1,1,1,8
b_b120,1,1,1,8
b_b121,1,1,1,8
b_b122,1,1,1,8
b_b123,1,1,1,8
b_b124,1,1,1,8
b_b125,1,1,1,8
b_b126,1,1,1,8
b_b127,1,1,1,8
b_b128,1,1,1,8
b_b129,1,1,1,8
b_b130,1,1,1,8
b_b131,1,1,1,8
b_b132,1,1,1,8
b_b133,1,1,1,8
b_b134,1,1,1,8
b_b135,1,1,1,8
b_b136,1,1,1,8
b_b137,1,1,1,8
b_b138,1,1,1,8
b_b139,1,1,1,8
b_b140,1,1,1,8
b_b141,1,1,1,8
b_b142,1,1,1,8
b_b143,1,1,1,8
b_b144,1,1,1,8
b_b145,1,1,1,8
b_b146,1,1,1,8
b_b147,1,1,1,8
b_b148,1,1,1,8
b_b149,1,1,1,8
b_b150,1,1,1,8
b_b151,1,1,1,8
b_b152,1,1,1,8
b_b153,1,1,1,8
b_b154,1,1,1,8
b_b155,1,1,1,8
b_b156,1,1,1,8
b_b157,1,1,1,8
b_b158,1,1,1,8
b_b159,1,1,1,8
b_b160,1,1,1,8
b_b161,1,1,1,8
b_b162,1,1,1,8
b_b163,1,1,1,8
b_b164,1,1,1,8
b_b165,1,1,1,8
b_b166,1,1,1,8
b_b167,1,1,1,8
b_b168,1,1,1,8
b_b169,1,1,1,8
b_b170,1,1,1,8
b_b171,1,1,1,8
b_b172,1,1,1,8
b_b173,1,1,1,8
b_b174,1,1,1,8
b_b175,1,1,1,8
b_b176,1,1,1,8
b_b177,1,1,1,8
b_b178,1,1,1,8
b_b179,1,1,1,8
b_b180,1,1,1,8
b_b181,1,1,1,8
b_b182,1,1,1,8
b_b183,1,1,1,8
b_b184,1,1,1,8
b_b185,1,1,1,8
b_b186,1,1,1,8
b_b187,1,1,1,8
b_b188,1,1,1,8
b_b189,1,1,1,8
b_b190,1,1,1,8
b_b191,1,1,1,8
b_b192,1,1,1,8
b_b193,1,1,1,8
b_b194,1,1,1,8
b_b195,1,1,1,8
b_b196,1,1,1,8
b_b197,1,1,1,8
b_b198,1,1,1,8
b_b199,1,1,1,8
b_b200,1,1,1,8
b_b201,1,1,1,8
b_b202,1,1,1,8
b_b203,1,1,1,8
b_b204,1,1,1,8
b_b205,1,1,1,8
b_b206,1,1,1,8
b_b207,1,1,1,8
b_b208,1,1,1,8
b_b209,1,1,1,8
b_b210,1,1,1,8
b_b211,1,1,1,8
b_b212,1,1,1,8
b_b213,1,1,1,8
b_b214,1,1,1,8
b_b215,1,1,1,8
b_b216,1,1,1,8
b_b217,1,1,1,8
b_b218,1,1,1,8
b_b219,1,1,1,8
b_b220,1,1,1,8
b_b221,1,1,1,8
b_b222,1,1,1,8
b_b223,1,1,1,8
b_b224,1,1,1,8
b_b225,1,1,1,8
b_b226,1,1,1,8
b_b227,1,1,1,8
b_b228,1,1,1,8
b_b229,1,1,1,8
b_b230,1,1,1,8
b_b231,1,1,1,8
b_b232,1,1,1,8
b_b233,1,1,1,8
b_b234,1,1,1,8
b_b235,1,1,1,8
b_b236,1,1,1,8
b_b237,1,1,1,8
b_b238,1,1,1,8
b_b239,1,1,1,8
b_b240,1,1,1,8
b_b241,1,1,1,8
b_b242,1,1,1,8
b_b243,1,1,1,8
b_b244,1,1,1,8
b_b245,1,1,1,8
b_b246,1,1,1,8
b_b247,1,1,1,8
b_b248,1,1,1,8
b_b249,1,1,1,8
b_b250,1,1,1,8
b_b251,1,1,1,8
b_b252,1,1,1,8
b_b253,1,1,1,8
b_b254,1,1,1,8
b_b255,1,1,1,8
b_b256,1,1,1,8
b_b257,1,1,1,8
b_b258,1,1,1,8
b_b259,1,1,1,8
b_b260,1,1,1,8
b_b261,1,1,1,8
b_b262,1,1,1,8
b_b263,1,1,1,8
b_b264,1,1,1,8
b_b265,1,1,1,8
b_b266,1,1,1,8
b_b267,1,1,1,8
b_b268,1,1,1,8
b_b269,1,1,1,8
b_b270,1,1,1,8
b_b271,1,1,1,8
b_b272,1,1,1,8
b_b273,1,1,1,8
b_b274,1,1,1,8
b_b275,1,1,1,8
b_b276,1,1,1,8
b_b277,1,1,1,8
b_b278,1,1,1,8
b_b279,1,1,1,8
b_b280,1,1,1,8
b_b281,1,1,1,8
b_b282,1,1,1,8
b_b283,1,1,1,8
b_b284,1,1,1,8
b_b285,1,1,1,8
b_b286,1,1,1,8
b_b287,1,1,1,8
b_b288,1,1,1,8
b_b289,1,1,1,8
b_b290,1,1,1,8
b_b291,1,1,1,8
b_b292,1,1,1,8
b_b293,1,1,1,8
b_b294,1,1,1,8
b_b295,1,1,1,8
b_b296,1,1,1,8
b_b297,1,1,1,8
b_b298,1,1,1,8
b_b299,1,1,1,8
b_b300,1,1,1,8
b_b301,1,1,1,8
b_b302,1,1,1,8
b_b303,1,1,1,8
b_b304,1,1,1,8
b_b305,1,1,1,8
b_b306,1,1,1,8
b_b307,1,1,1,8
b_b308,1,1,1,8
b_b309,1,1,1,8
b_b310,1,1,1,8
b_b311,1,1,1,8
b_b312,1,1,1,8
b_b313,1,1,1,8
b_b314,1,1,1,8
b_b315,1,1,1,8
b_b316,1,1,1,8
b_b317,1,1,1,8
b_b318,1,1,1,8
b_b319,1,1,1,8
b_b320,1,1,1,8
b_b321,1,1,1,8
b_b322,1,1,1,8
b_b323,1,1,1,8
b_b324,1,1,1,8
b_b325,1,1,1,8
b_b326,1,1,1,8
b_b327,1,1,1,8
b_b328,1,1,1,8
b_b329,1,1,1,8
b_b330,1,1,1,8
b_b331,1,1,1,8
b_b332,1,1,1,8
b_b333,1,1,1,8
b_b334,1,1,1,8
b_b335,1,1,1,8
b_b336,1,1,1,8
b_b337,1,1,1,8
b_b338,1,1,1,8
b_b339,1,1,1,8
b_b340,1,1,1,8
b_b341,1,1,1,8
b_b342,1,1,1,8
b_b343,1,1,1,8
b_b344,1,1,1,8
b_b345,1,1,1,8
b_b346,1,1,1,8
b_b347,1,1,1,8
b_b348,1,1,1,8
b_b349,1,1,1,8
b_b350,1,1,1,8
b_b351,1,1,1,8
b_b352,1,1,1,8
b_b353,1,1,1,8
b_b354,1,1,1,8
b_b355,1,1,1,8
b_b356,1,1,1,8
b_b357,1,1,1,8
b_b358,1,1,1,8
b_b359,1,1,1,8
b_b360,1,1,1,8
b_b361,1,1,1,8
b_b362,1,1,1,8
b_b363,1,1,1,8
b_b364,1,1,1,8
b_b365,1,1,1,8
b_b366,1,1,1,8
b_b367,1,1,1,8
b_b368,1,1,1,8
b_b369,1,1,1,8
b_b370,1,1,1,8
b_b371,1,1,1,8
b_b372,1,1,1,8
b_b373,1,1,1,8
b_b374,1,1,1,8
b_b375,1,1,1,8
b_b376,1,1,1,8
b_b377,1,1,1,8
b_b378,1,1,1,8
b_b379,1,1,1,8
b_b380,1,1,1,8
b_b381,1,1,1,8
b_b382,1,1,1,8
b_b383,1,1,1,8
b_b384,1,1,1,8
